Event Index	Participant Private ID	rand_des1	rand_des2	rand_des3	rand_des4	rand_des5	rand_des6	rand_des7	rand_des8
2	618220	79.jpg	35.jpg	54.jpg	86.jpg	38.jpg	82.jpg	68.jpg	27.jpg
14	618220	02.jpg	58.jpg	20.jpg	63.jpg	24.jpg	22.jpg	28.jpg	07.jpg
26	618220	64.jpg	16.jpg	87.jpg	83.jpg	72.jpg	81.jpg	25.jpg	73.jpg
38	618220	33.jpg	32.jpg	66.jpg	01.jpg	88.jpg	62.jpg	78.jpg	74.jpg
50	618220	17.jpg	75.jpg	06.jpg	77.jpg	03.jpg	15.jpg	46.jpg	48.jpg
62	618220	51.jpg	55.jpg	37.jpg	49.jpg	57.jpg	26.jpg	14.jpg	08.jpg
2	618230	33.jpg	32.jpg	66.jpg	01.jpg	88.jpg	62.jpg	78.jpg	74.jpg
14	618230	79.jpg	35.jpg	54.jpg	86.jpg	38.jpg	82.jpg	68.jpg	27.jpg
26	618230	64.jpg	16.jpg	87.jpg	83.jpg	72.jpg	81.jpg	25.jpg	73.jpg
38	618230	02.jpg	58.jpg	20.jpg	63.jpg	24.jpg	22.jpg	28.jpg	07.jpg
50	618230	51.jpg	55.jpg	37.jpg	49.jpg	57.jpg	26.jpg	14.jpg	08.jpg
62	618230	17.jpg	75.jpg	06.jpg	77.jpg	03.jpg	15.jpg	46.jpg	48.jpg
2	618236	17.jpg	75.jpg	06.jpg	77.jpg	03.jpg	15.jpg	46.jpg	48.jpg
14	618236	51.jpg	55.jpg	37.jpg	49.jpg	57.jpg	26.jpg	14.jpg	08.jpg
26	618236	64.jpg	16.jpg	87.jpg	83.jpg	72.jpg	81.jpg	25.jpg	73.jpg
38	618236	02.jpg	58.jpg	20.jpg	63.jpg	24.jpg	22.jpg	28.jpg	07.jpg
50	618236	33.jpg	32.jpg	66.jpg	01.jpg	88.jpg	62.jpg	78.jpg	74.jpg
62	618236	79.jpg	35.jpg	54.jpg	86.jpg	38.jpg	82.jpg	68.jpg	27.jpg
2	618241	79.jpg	35.jpg	54.jpg	86.jpg	38.jpg	82.jpg	68.jpg	27.jpg
14	618241	51.jpg	55.jpg	37.jpg	49.jpg	57.jpg	26.jpg	14.jpg	08.jpg
26	618241	02.jpg	58.jpg	20.jpg	63.jpg	24.jpg	22.jpg	28.jpg	07.jpg
38	618241	33.jpg	32.jpg	66.jpg	01.jpg	88.jpg	62.jpg	78.jpg	74.jpg
50	618241	64.jpg	16.jpg	87.jpg	83.jpg	72.jpg	81.jpg	25.jpg	73.jpg
62	618241	17.jpg	75.jpg	06.jpg	77.jpg	03.jpg	15.jpg	46.jpg	48.jpg
2	618248	17.jpg	75.jpg	06.jpg	77.jpg	03.jpg	15.jpg	46.jpg	48.jpg
14	618248	79.jpg	35.jpg	54.jpg	86.jpg	38.jpg	82.jpg	68.jpg	27.jpg
26	618248	02.jpg	58.jpg	20.jpg	63.jpg	24.jpg	22.jpg	28.jpg	07.jpg
38	618248	64.jpg	16.jpg	87.jpg	83.jpg	72.jpg	81.jpg	25.jpg	73.jpg
50	618248	51.jpg	55.jpg	37.jpg	49.jpg	57.jpg	26.jpg	14.jpg	08.jpg
62	618248	33.jpg	32.jpg	66.jpg	01.jpg	88.jpg	62.jpg	78.jpg	74.jpg
2	618251	17.jpg	75.jpg	06.jpg	77.jpg	03.jpg	15.jpg	46.jpg	48.jpg
14	618251	79.jpg	35.jpg	54.jpg	86.jpg	38.jpg	82.jpg	68.jpg	27.jpg
26	618251	33.jpg	32.jpg	66.jpg	01.jpg	88.jpg	62.jpg	78.jpg	74.jpg
38	618251	02.jpg	58.jpg	20.jpg	63.jpg	24.jpg	22.jpg	28.jpg	07.jpg
50	618251	64.jpg	16.jpg	87.jpg	83.jpg	72.jpg	81.jpg	25.jpg	73.jpg
62	618251	51.jpg	55.jpg	37.jpg	49.jpg	57.jpg	26.jpg	14.jpg	08.jpg
2	618263	33.jpg	32.jpg	66.jpg	01.jpg	88.jpg	62.jpg	78.jpg	74.jpg
14	618263	51.jpg	55.jpg	37.jpg	49.jpg	57.jpg	26.jpg	14.jpg	08.jpg
26	618263	79.jpg	35.jpg	54.jpg	86.jpg	38.jpg	82.jpg	68.jpg	27.jpg
38	618263	64.jpg	16.jpg	87.jpg	83.jpg	72.jpg	81.jpg	25.jpg	73.jpg
50	618263	02.jpg	58.jpg	20.jpg	63.jpg	24.jpg	22.jpg	28.jpg	07.jpg
62	618263	17.jpg	75.jpg	06.jpg	77.jpg	03.jpg	15.jpg	46.jpg	48.jpg
2	618266	33.jpg	32.jpg	66.jpg	01.jpg	88.jpg	62.jpg	78.jpg	74.jpg
14	618266	79.jpg	35.jpg	54.jpg	86.jpg	38.jpg	82.jpg	68.jpg	27.jpg
26	618266	51.jpg	55.jpg	37.jpg	49.jpg	57.jpg	26.jpg	14.jpg	08.jpg
38	618266	02.jpg	58.jpg	20.jpg	63.jpg	24.jpg	22.jpg	28.jpg	07.jpg
50	618266	64.jpg	16.jpg	87.jpg	83.jpg	72.jpg	81.jpg	25.jpg	73.jpg
62	618266	17.jpg	75.jpg	06.jpg	77.jpg	03.jpg	15.jpg	46.jpg	48.jpg
2	618270	79.jpg	35.jpg	54.jpg	86.jpg	38.jpg	82.jpg	68.jpg	27.jpg
14	618270	51.jpg	55.jpg	37.jpg	49.jpg	57.jpg	26.jpg	14.jpg	08.jpg
26	618270	02.jpg	58.jpg	20.jpg	63.jpg	24.jpg	22.jpg	28.jpg	07.jpg
38	618270	64.jpg	16.jpg	87.jpg	83.jpg	72.jpg	81.jpg	25.jpg	73.jpg
50	618270	17.jpg	75.jpg	06.jpg	77.jpg	03.jpg	15.jpg	46.jpg	48.jpg
62	618270	33.jpg	32.jpg	66.jpg	01.jpg	88.jpg	62.jpg	78.jpg	74.jpg
2	618275	02.jpg	58.jpg	20.jpg	63.jpg	24.jpg	22.jpg	28.jpg	07.jpg
14	618275	79.jpg	35.jpg	54.jpg	86.jpg	38.jpg	82.jpg	68.jpg	27.jpg
26	618275	33.jpg	32.jpg	66.jpg	01.jpg	88.jpg	62.jpg	78.jpg	74.jpg
38	618275	17.jpg	75.jpg	06.jpg	77.jpg	03.jpg	15.jpg	46.jpg	48.jpg
50	618275	51.jpg	55.jpg	37.jpg	49.jpg	57.jpg	26.jpg	14.jpg	08.jpg
62	618275	64.jpg	16.jpg	87.jpg	83.jpg	72.jpg	81.jpg	25.jpg	73.jpg
2	618277	64.jpg	16.jpg	87.jpg	83.jpg	72.jpg	81.jpg	25.jpg	73.jpg
14	618277	51.jpg	55.jpg	37.jpg	49.jpg	57.jpg	26.jpg	14.jpg	08.jpg
26	618277	79.jpg	35.jpg	54.jpg	86.jpg	38.jpg	82.jpg	68.jpg	27.jpg
38	618277	02.jpg	58.jpg	20.jpg	63.jpg	24.jpg	22.jpg	28.jpg	07.jpg
50	618277	33.jpg	32.jpg	66.jpg	01.jpg	88.jpg	62.jpg	78.jpg	74.jpg
62	618277	17.jpg	75.jpg	06.jpg	77.jpg	03.jpg	15.jpg	46.jpg	48.jpg
2	618282	79.jpg	35.jpg	54.jpg	86.jpg	38.jpg	82.jpg	68.jpg	27.jpg
14	618282	51.jpg	55.jpg	37.jpg	49.jpg	57.jpg	26.jpg	14.jpg	08.jpg
26	618282	02.jpg	58.jpg	20.jpg	63.jpg	24.jpg	22.jpg	28.jpg	07.jpg
38	618282	33.jpg	32.jpg	66.jpg	01.jpg	88.jpg	62.jpg	78.jpg	74.jpg
50	618282	64.jpg	16.jpg	87.jpg	83.jpg	72.jpg	81.jpg	25.jpg	73.jpg
62	618282	17.jpg	75.jpg	06.jpg	77.jpg	03.jpg	15.jpg	46.jpg	48.jpg
3	618283	64.jpg	16.jpg	87.jpg	83.jpg	72.jpg	81.jpg	25.jpg	73.jpg
15	618283	33.jpg	32.jpg	66.jpg	01.jpg	88.jpg	62.jpg	78.jpg	74.jpg
27	618283	02.jpg	58.jpg	20.jpg	63.jpg	24.jpg	22.jpg	28.jpg	07.jpg
39	618283	51.jpg	55.jpg	37.jpg	49.jpg	57.jpg	26.jpg	14.jpg	08.jpg
51	618283	79.jpg	35.jpg	54.jpg	86.jpg	38.jpg	82.jpg	68.jpg	27.jpg
63	618283	17.jpg	75.jpg	06.jpg	77.jpg	03.jpg	15.jpg	46.jpg	48.jpg
2	618287	02.jpg	58.jpg	20.jpg	63.jpg	24.jpg	22.jpg	28.jpg	07.jpg
14	618287	33.jpg	32.jpg	66.jpg	01.jpg	88.jpg	62.jpg	78.jpg	74.jpg
26	618287	17.jpg	75.jpg	06.jpg	77.jpg	03.jpg	15.jpg	46.jpg	48.jpg
38	618287	79.jpg	35.jpg	54.jpg	86.jpg	38.jpg	82.jpg	68.jpg	27.jpg
50	618287	51.jpg	55.jpg	37.jpg	49.jpg	57.jpg	26.jpg	14.jpg	08.jpg
62	618287	64.jpg	16.jpg	87.jpg	83.jpg	72.jpg	81.jpg	25.jpg	73.jpg
2	618299	79.jpg	35.jpg	54.jpg	86.jpg	38.jpg	82.jpg	68.jpg	27.jpg
14	618299	64.jpg	16.jpg	87.jpg	83.jpg	72.jpg	81.jpg	25.jpg	73.jpg
26	618299	33.jpg	32.jpg	66.jpg	01.jpg	88.jpg	62.jpg	78.jpg	74.jpg
38	618299	51.jpg	55.jpg	37.jpg	49.jpg	57.jpg	26.jpg	14.jpg	08.jpg
50	618299	17.jpg	75.jpg	06.jpg	77.jpg	03.jpg	15.jpg	46.jpg	48.jpg
62	618299	02.jpg	58.jpg	20.jpg	63.jpg	24.jpg	22.jpg	28.jpg	07.jpg
2	618316	79.jpg	35.jpg	54.jpg	86.jpg	38.jpg	82.jpg	68.jpg	27.jpg
14	618316	51.jpg	55.jpg	37.jpg	49.jpg	57.jpg	26.jpg	14.jpg	08.jpg
26	618316	17.jpg	75.jpg	06.jpg	77.jpg	03.jpg	15.jpg	46.jpg	48.jpg
38	618316	02.jpg	58.jpg	20.jpg	63.jpg	24.jpg	22.jpg	28.jpg	07.jpg
50	618316	33.jpg	32.jpg	66.jpg	01.jpg	88.jpg	62.jpg	78.jpg	74.jpg
62	618316	64.jpg	16.jpg	87.jpg	83.jpg	72.jpg	81.jpg	25.jpg	73.jpg
2	618319	17.jpg	75.jpg	06.jpg	77.jpg	03.jpg	15.jpg	46.jpg	48.jpg
14	618319	51.jpg	55.jpg	37.jpg	49.jpg	57.jpg	26.jpg	14.jpg	08.jpg
26	618319	33.jpg	32.jpg	66.jpg	01.jpg	88.jpg	62.jpg	78.jpg	74.jpg
38	618319	79.jpg	35.jpg	54.jpg	86.jpg	38.jpg	82.jpg	68.jpg	27.jpg
50	618319	02.jpg	58.jpg	20.jpg	63.jpg	24.jpg	22.jpg	28.jpg	07.jpg
62	618319	64.jpg	16.jpg	87.jpg	83.jpg	72.jpg	81.jpg	25.jpg	73.jpg
2	618320	51.jpg	55.jpg	37.jpg	49.jpg	57.jpg	26.jpg	14.jpg	08.jpg
14	618320	33.jpg	32.jpg	66.jpg	01.jpg	88.jpg	62.jpg	78.jpg	74.jpg
26	618320	64.jpg	16.jpg	87.jpg	83.jpg	72.jpg	81.jpg	25.jpg	73.jpg
38	618320	02.jpg	58.jpg	20.jpg	63.jpg	24.jpg	22.jpg	28.jpg	07.jpg
50	618320	79.jpg	35.jpg	54.jpg	86.jpg	38.jpg	82.jpg	68.jpg	27.jpg
62	618320	17.jpg	75.jpg	06.jpg	77.jpg	03.jpg	15.jpg	46.jpg	48.jpg
2	618323	64.jpg	16.jpg	87.jpg	83.jpg	72.jpg	81.jpg	25.jpg	73.jpg
14	618323	79.jpg	35.jpg	54.jpg	86.jpg	38.jpg	82.jpg	68.jpg	27.jpg
26	618323	51.jpg	55.jpg	37.jpg	49.jpg	57.jpg	26.jpg	14.jpg	08.jpg
38	618323	02.jpg	58.jpg	20.jpg	63.jpg	24.jpg	22.jpg	28.jpg	07.jpg
50	618323	33.jpg	32.jpg	66.jpg	01.jpg	88.jpg	62.jpg	78.jpg	74.jpg
62	618323	17.jpg	75.jpg	06.jpg	77.jpg	03.jpg	15.jpg	46.jpg	48.jpg
2	618334	33.jpg	32.jpg	66.jpg	01.jpg	88.jpg	62.jpg	78.jpg	74.jpg
14	618334	17.jpg	75.jpg	06.jpg	77.jpg	03.jpg	15.jpg	46.jpg	48.jpg
26	618334	02.jpg	58.jpg	20.jpg	63.jpg	24.jpg	22.jpg	28.jpg	07.jpg
38	618334	64.jpg	16.jpg	87.jpg	83.jpg	72.jpg	81.jpg	25.jpg	73.jpg
50	618334	79.jpg	35.jpg	54.jpg	86.jpg	38.jpg	82.jpg	68.jpg	27.jpg
62	618334	51.jpg	55.jpg	37.jpg	49.jpg	57.jpg	26.jpg	14.jpg	08.jpg
2	618336	51.jpg	55.jpg	37.jpg	49.jpg	57.jpg	26.jpg	14.jpg	08.jpg
14	618336	64.jpg	16.jpg	87.jpg	83.jpg	72.jpg	81.jpg	25.jpg	73.jpg
26	618336	02.jpg	58.jpg	20.jpg	63.jpg	24.jpg	22.jpg	28.jpg	07.jpg
38	618336	17.jpg	75.jpg	06.jpg	77.jpg	03.jpg	15.jpg	46.jpg	48.jpg
50	618336	79.jpg	35.jpg	54.jpg	86.jpg	38.jpg	82.jpg	68.jpg	27.jpg
62	618336	33.jpg	32.jpg	66.jpg	01.jpg	88.jpg	62.jpg	78.jpg	74.jpg
2	618338	79.jpg	35.jpg	54.jpg	86.jpg	38.jpg	82.jpg	68.jpg	27.jpg
14	618338	02.jpg	58.jpg	20.jpg	63.jpg	24.jpg	22.jpg	28.jpg	07.jpg
26	618338	33.jpg	32.jpg	66.jpg	01.jpg	88.jpg	62.jpg	78.jpg	74.jpg
38	618338	51.jpg	55.jpg	37.jpg	49.jpg	57.jpg	26.jpg	14.jpg	08.jpg
50	618338	17.jpg	75.jpg	06.jpg	77.jpg	03.jpg	15.jpg	46.jpg	48.jpg
62	618338	64.jpg	16.jpg	87.jpg	83.jpg	72.jpg	81.jpg	25.jpg	73.jpg
2	618339	79.jpg	35.jpg	54.jpg	86.jpg	38.jpg	82.jpg	68.jpg	27.jpg
14	618339	17.jpg	75.jpg	06.jpg	77.jpg	03.jpg	15.jpg	46.jpg	48.jpg
26	618339	02.jpg	58.jpg	20.jpg	63.jpg	24.jpg	22.jpg	28.jpg	07.jpg
38	618339	64.jpg	16.jpg	87.jpg	83.jpg	72.jpg	81.jpg	25.jpg	73.jpg
50	618339	33.jpg	32.jpg	66.jpg	01.jpg	88.jpg	62.jpg	78.jpg	74.jpg
62	618339	51.jpg	55.jpg	37.jpg	49.jpg	57.jpg	26.jpg	14.jpg	08.jpg
2	618340	79.jpg	35.jpg	54.jpg	86.jpg	38.jpg	82.jpg	68.jpg	27.jpg
14	618340	17.jpg	75.jpg	06.jpg	77.jpg	03.jpg	15.jpg	46.jpg	48.jpg
26	618340	64.jpg	16.jpg	87.jpg	83.jpg	72.jpg	81.jpg	25.jpg	73.jpg
38	618340	51.jpg	55.jpg	37.jpg	49.jpg	57.jpg	26.jpg	14.jpg	08.jpg
50	618340	02.jpg	58.jpg	20.jpg	63.jpg	24.jpg	22.jpg	28.jpg	07.jpg
62	618340	33.jpg	32.jpg	66.jpg	01.jpg	88.jpg	62.jpg	78.jpg	74.jpg
2	618341	79.jpg	35.jpg	54.jpg	86.jpg	38.jpg	82.jpg	68.jpg	27.jpg
14	618341	02.jpg	58.jpg	20.jpg	63.jpg	24.jpg	22.jpg	28.jpg	07.jpg
26	618341	17.jpg	75.jpg	06.jpg	77.jpg	03.jpg	15.jpg	46.jpg	48.jpg
38	618341	51.jpg	55.jpg	37.jpg	49.jpg	57.jpg	26.jpg	14.jpg	08.jpg
50	618341	64.jpg	16.jpg	87.jpg	83.jpg	72.jpg	81.jpg	25.jpg	73.jpg
62	618341	33.jpg	32.jpg	66.jpg	01.jpg	88.jpg	62.jpg	78.jpg	74.jpg
2	618342	02.jpg	58.jpg	20.jpg	63.jpg	24.jpg	22.jpg	28.jpg	07.jpg
14	618342	51.jpg	55.jpg	37.jpg	49.jpg	57.jpg	26.jpg	14.jpg	08.jpg
26	618342	79.jpg	35.jpg	54.jpg	86.jpg	38.jpg	82.jpg	68.jpg	27.jpg
38	618342	64.jpg	16.jpg	87.jpg	83.jpg	72.jpg	81.jpg	25.jpg	73.jpg
50	618342	17.jpg	75.jpg	06.jpg	77.jpg	03.jpg	15.jpg	46.jpg	48.jpg
62	618342	33.jpg	32.jpg	66.jpg	01.jpg	88.jpg	62.jpg	78.jpg	74.jpg
2	618345	64.jpg	16.jpg	87.jpg	83.jpg	72.jpg	81.jpg	25.jpg	73.jpg
14	618345	51.jpg	55.jpg	37.jpg	49.jpg	57.jpg	26.jpg	14.jpg	08.jpg
26	618345	17.jpg	75.jpg	06.jpg	77.jpg	03.jpg	15.jpg	46.jpg	48.jpg
38	618345	02.jpg	58.jpg	20.jpg	63.jpg	24.jpg	22.jpg	28.jpg	07.jpg
50	618345	79.jpg	35.jpg	54.jpg	86.jpg	38.jpg	82.jpg	68.jpg	27.jpg
62	618345	33.jpg	32.jpg	66.jpg	01.jpg	88.jpg	62.jpg	78.jpg	74.jpg
2	618346	33.jpg	32.jpg	66.jpg	01.jpg	88.jpg	62.jpg	78.jpg	74.jpg
14	618346	17.jpg	75.jpg	06.jpg	77.jpg	03.jpg	15.jpg	46.jpg	48.jpg
26	618346	64.jpg	16.jpg	87.jpg	83.jpg	72.jpg	81.jpg	25.jpg	73.jpg
38	618346	51.jpg	55.jpg	37.jpg	49.jpg	57.jpg	26.jpg	14.jpg	08.jpg
50	618346	02.jpg	58.jpg	20.jpg	63.jpg	24.jpg	22.jpg	28.jpg	07.jpg
62	618346	79.jpg	35.jpg	54.jpg	86.jpg	38.jpg	82.jpg	68.jpg	27.jpg
2	618347	33.jpg	32.jpg	66.jpg	01.jpg	88.jpg	62.jpg	78.jpg	74.jpg
14	618347	17.jpg	75.jpg	06.jpg	77.jpg	03.jpg	15.jpg	46.jpg	48.jpg
26	618347	51.jpg	55.jpg	37.jpg	49.jpg	57.jpg	26.jpg	14.jpg	08.jpg
38	618347	02.jpg	58.jpg	20.jpg	63.jpg	24.jpg	22.jpg	28.jpg	07.jpg
50	618347	79.jpg	35.jpg	54.jpg	86.jpg	38.jpg	82.jpg	68.jpg	27.jpg
62	618347	64.jpg	16.jpg	87.jpg	83.jpg	72.jpg	81.jpg	25.jpg	73.jpg
2	618348	33.jpg	32.jpg	66.jpg	01.jpg	88.jpg	62.jpg	78.jpg	74.jpg
14	618348	51.jpg	55.jpg	37.jpg	49.jpg	57.jpg	26.jpg	14.jpg	08.jpg
26	618348	02.jpg	58.jpg	20.jpg	63.jpg	24.jpg	22.jpg	28.jpg	07.jpg
38	618348	17.jpg	75.jpg	06.jpg	77.jpg	03.jpg	15.jpg	46.jpg	48.jpg
50	618348	64.jpg	16.jpg	87.jpg	83.jpg	72.jpg	81.jpg	25.jpg	73.jpg
62	618348	79.jpg	35.jpg	54.jpg	86.jpg	38.jpg	82.jpg	68.jpg	27.jpg
2	618352	17.jpg	75.jpg	06.jpg	77.jpg	03.jpg	15.jpg	46.jpg	48.jpg
14	618352	33.jpg	32.jpg	66.jpg	01.jpg	88.jpg	62.jpg	78.jpg	74.jpg
26	618352	02.jpg	58.jpg	20.jpg	63.jpg	24.jpg	22.jpg	28.jpg	07.jpg
38	618352	64.jpg	16.jpg	87.jpg	83.jpg	72.jpg	81.jpg	25.jpg	73.jpg
50	618352	51.jpg	55.jpg	37.jpg	49.jpg	57.jpg	26.jpg	14.jpg	08.jpg
62	618352	79.jpg	35.jpg	54.jpg	86.jpg	38.jpg	82.jpg	68.jpg	27.jpg
2	618353	79.jpg	35.jpg	54.jpg	86.jpg	38.jpg	82.jpg	68.jpg	27.jpg
14	618353	64.jpg	16.jpg	87.jpg	83.jpg	72.jpg	81.jpg	25.jpg	73.jpg
26	618353	51.jpg	55.jpg	37.jpg	49.jpg	57.jpg	26.jpg	14.jpg	08.jpg
38	618353	02.jpg	58.jpg	20.jpg	63.jpg	24.jpg	22.jpg	28.jpg	07.jpg
50	618353	17.jpg	75.jpg	06.jpg	77.jpg	03.jpg	15.jpg	46.jpg	48.jpg
62	618353	33.jpg	32.jpg	66.jpg	01.jpg	88.jpg	62.jpg	78.jpg	74.jpg
2	618354	51.jpg	55.jpg	37.jpg	49.jpg	57.jpg	26.jpg	14.jpg	08.jpg
14	618354	64.jpg	16.jpg	87.jpg	83.jpg	72.jpg	81.jpg	25.jpg	73.jpg
26	618354	02.jpg	58.jpg	20.jpg	63.jpg	24.jpg	22.jpg	28.jpg	07.jpg
38	618354	17.jpg	75.jpg	06.jpg	77.jpg	03.jpg	15.jpg	46.jpg	48.jpg
50	618354	79.jpg	35.jpg	54.jpg	86.jpg	38.jpg	82.jpg	68.jpg	27.jpg
62	618354	33.jpg	32.jpg	66.jpg	01.jpg	88.jpg	62.jpg	78.jpg	74.jpg
2	618355	51.jpg	55.jpg	37.jpg	49.jpg	57.jpg	26.jpg	14.jpg	08.jpg
14	618355	79.jpg	35.jpg	54.jpg	86.jpg	38.jpg	82.jpg	68.jpg	27.jpg
26	618355	02.jpg	58.jpg	20.jpg	63.jpg	24.jpg	22.jpg	28.jpg	07.jpg
38	618355	64.jpg	16.jpg	87.jpg	83.jpg	72.jpg	81.jpg	25.jpg	73.jpg
50	618355	17.jpg	75.jpg	06.jpg	77.jpg	03.jpg	15.jpg	46.jpg	48.jpg
62	618355	33.jpg	32.jpg	66.jpg	01.jpg	88.jpg	62.jpg	78.jpg	74.jpg
2	618357	51.jpg	55.jpg	37.jpg	49.jpg	57.jpg	26.jpg	14.jpg	08.jpg
14	618357	79.jpg	35.jpg	54.jpg	86.jpg	38.jpg	82.jpg	68.jpg	27.jpg
26	618357	33.jpg	32.jpg	66.jpg	01.jpg	88.jpg	62.jpg	78.jpg	74.jpg
38	618357	64.jpg	16.jpg	87.jpg	83.jpg	72.jpg	81.jpg	25.jpg	73.jpg
50	618357	17.jpg	75.jpg	06.jpg	77.jpg	03.jpg	15.jpg	46.jpg	48.jpg
62	618357	02.jpg	58.jpg	20.jpg	63.jpg	24.jpg	22.jpg	28.jpg	07.jpg
2	618359	64.jpg	16.jpg	87.jpg	83.jpg	72.jpg	81.jpg	25.jpg	73.jpg
14	618359	79.jpg	35.jpg	54.jpg	86.jpg	38.jpg	82.jpg	68.jpg	27.jpg
26	618359	02.jpg	58.jpg	20.jpg	63.jpg	24.jpg	22.jpg	28.jpg	07.jpg
38	618359	33.jpg	32.jpg	66.jpg	01.jpg	88.jpg	62.jpg	78.jpg	74.jpg
50	618359	17.jpg	75.jpg	06.jpg	77.jpg	03.jpg	15.jpg	46.jpg	48.jpg
62	618359	51.jpg	55.jpg	37.jpg	49.jpg	57.jpg	26.jpg	14.jpg	08.jpg
2	618360	02.jpg	58.jpg	20.jpg	63.jpg	24.jpg	22.jpg	28.jpg	07.jpg
14	618360	51.jpg	55.jpg	37.jpg	49.jpg	57.jpg	26.jpg	14.jpg	08.jpg
26	618360	17.jpg	75.jpg	06.jpg	77.jpg	03.jpg	15.jpg	46.jpg	48.jpg
38	618360	64.jpg	16.jpg	87.jpg	83.jpg	72.jpg	81.jpg	25.jpg	73.jpg
50	618360	79.jpg	35.jpg	54.jpg	86.jpg	38.jpg	82.jpg	68.jpg	27.jpg
62	618360	33.jpg	32.jpg	66.jpg	01.jpg	88.jpg	62.jpg	78.jpg	74.jpg
2	618365	64.jpg	16.jpg	87.jpg	83.jpg	72.jpg	81.jpg	25.jpg	73.jpg
14	618365	33.jpg	32.jpg	66.jpg	01.jpg	88.jpg	62.jpg	78.jpg	74.jpg
26	618365	51.jpg	55.jpg	37.jpg	49.jpg	57.jpg	26.jpg	14.jpg	08.jpg
38	618365	17.jpg	75.jpg	06.jpg	77.jpg	03.jpg	15.jpg	46.jpg	48.jpg
50	618365	79.jpg	35.jpg	54.jpg	86.jpg	38.jpg	82.jpg	68.jpg	27.jpg
62	618365	02.jpg	58.jpg	20.jpg	63.jpg	24.jpg	22.jpg	28.jpg	07.jpg
2	618371	64.jpg	16.jpg	87.jpg	83.jpg	72.jpg	81.jpg	25.jpg	73.jpg
14	618371	33.jpg	32.jpg	66.jpg	01.jpg	88.jpg	62.jpg	78.jpg	74.jpg
26	618371	51.jpg	55.jpg	37.jpg	49.jpg	57.jpg	26.jpg	14.jpg	08.jpg
38	618371	17.jpg	75.jpg	06.jpg	77.jpg	03.jpg	15.jpg	46.jpg	48.jpg
50	618371	79.jpg	35.jpg	54.jpg	86.jpg	38.jpg	82.jpg	68.jpg	27.jpg
62	618371	02.jpg	58.jpg	20.jpg	63.jpg	24.jpg	22.jpg	28.jpg	07.jpg
2	618377	17.jpg	75.jpg	06.jpg	77.jpg	03.jpg	15.jpg	46.jpg	48.jpg
14	618377	79.jpg	35.jpg	54.jpg	86.jpg	38.jpg	82.jpg	68.jpg	27.jpg
26	618377	33.jpg	32.jpg	66.jpg	01.jpg	88.jpg	62.jpg	78.jpg	74.jpg
38	618377	51.jpg	55.jpg	37.jpg	49.jpg	57.jpg	26.jpg	14.jpg	08.jpg
50	618377	02.jpg	58.jpg	20.jpg	63.jpg	24.jpg	22.jpg	28.jpg	07.jpg
62	618377	64.jpg	16.jpg	87.jpg	83.jpg	72.jpg	81.jpg	25.jpg	73.jpg
2	618378	64.jpg	16.jpg	87.jpg	83.jpg	72.jpg	81.jpg	25.jpg	73.jpg
14	618378	51.jpg	55.jpg	37.jpg	49.jpg	57.jpg	26.jpg	14.jpg	08.jpg
26	618378	33.jpg	32.jpg	66.jpg	01.jpg	88.jpg	62.jpg	78.jpg	74.jpg
38	618378	02.jpg	58.jpg	20.jpg	63.jpg	24.jpg	22.jpg	28.jpg	07.jpg
50	618378	79.jpg	35.jpg	54.jpg	86.jpg	38.jpg	82.jpg	68.jpg	27.jpg
62	618378	17.jpg	75.jpg	06.jpg	77.jpg	03.jpg	15.jpg	46.jpg	48.jpg
2	618383	33.jpg	32.jpg	66.jpg	01.jpg	88.jpg	62.jpg	78.jpg	74.jpg
14	618383	51.jpg	55.jpg	37.jpg	49.jpg	57.jpg	26.jpg	14.jpg	08.jpg
26	618383	64.jpg	16.jpg	87.jpg	83.jpg	72.jpg	81.jpg	25.jpg	73.jpg
38	618383	17.jpg	75.jpg	06.jpg	77.jpg	03.jpg	15.jpg	46.jpg	48.jpg
50	618383	02.jpg	58.jpg	20.jpg	63.jpg	24.jpg	22.jpg	28.jpg	07.jpg
62	618383	79.jpg	35.jpg	54.jpg	86.jpg	38.jpg	82.jpg	68.jpg	27.jpg
2	618384	51.jpg	55.jpg	37.jpg	49.jpg	57.jpg	26.jpg	14.jpg	08.jpg
14	618384	33.jpg	32.jpg	66.jpg	01.jpg	88.jpg	62.jpg	78.jpg	74.jpg
26	618384	17.jpg	75.jpg	06.jpg	77.jpg	03.jpg	15.jpg	46.jpg	48.jpg
38	618384	64.jpg	16.jpg	87.jpg	83.jpg	72.jpg	81.jpg	25.jpg	73.jpg
50	618384	79.jpg	35.jpg	54.jpg	86.jpg	38.jpg	82.jpg	68.jpg	27.jpg
62	618384	02.jpg	58.jpg	20.jpg	63.jpg	24.jpg	22.jpg	28.jpg	07.jpg
2	618385	79.jpg	35.jpg	54.jpg	86.jpg	38.jpg	82.jpg	68.jpg	27.jpg
14	618385	64.jpg	16.jpg	87.jpg	83.jpg	72.jpg	81.jpg	25.jpg	73.jpg
26	618385	17.jpg	75.jpg	06.jpg	77.jpg	03.jpg	15.jpg	46.jpg	48.jpg
38	618385	33.jpg	32.jpg	66.jpg	01.jpg	88.jpg	62.jpg	78.jpg	74.jpg
50	618385	02.jpg	58.jpg	20.jpg	63.jpg	24.jpg	22.jpg	28.jpg	07.jpg
62	618385	51.jpg	55.jpg	37.jpg	49.jpg	57.jpg	26.jpg	14.jpg	08.jpg
2	618388	64.jpg	16.jpg	87.jpg	83.jpg	72.jpg	81.jpg	25.jpg	73.jpg
14	618388	51.jpg	55.jpg	37.jpg	49.jpg	57.jpg	26.jpg	14.jpg	08.jpg
26	618388	17.jpg	75.jpg	06.jpg	77.jpg	03.jpg	15.jpg	46.jpg	48.jpg
38	618388	79.jpg	35.jpg	54.jpg	86.jpg	38.jpg	82.jpg	68.jpg	27.jpg
50	618388	02.jpg	58.jpg	20.jpg	63.jpg	24.jpg	22.jpg	28.jpg	07.jpg
62	618388	33.jpg	32.jpg	66.jpg	01.jpg	88.jpg	62.jpg	78.jpg	74.jpg
2	618391	33.jpg	32.jpg	66.jpg	01.jpg	88.jpg	62.jpg	78.jpg	74.jpg
14	618391	17.jpg	75.jpg	06.jpg	77.jpg	03.jpg	15.jpg	46.jpg	48.jpg
26	618391	51.jpg	55.jpg	37.jpg	49.jpg	57.jpg	26.jpg	14.jpg	08.jpg
38	618391	64.jpg	16.jpg	87.jpg	83.jpg	72.jpg	81.jpg	25.jpg	73.jpg
50	618391	79.jpg	35.jpg	54.jpg	86.jpg	38.jpg	82.jpg	68.jpg	27.jpg
62	618391	02.jpg	58.jpg	20.jpg	63.jpg	24.jpg	22.jpg	28.jpg	07.jpg
2	618394	79.jpg	35.jpg	54.jpg	86.jpg	38.jpg	82.jpg	68.jpg	27.jpg
14	618394	02.jpg	58.jpg	20.jpg	63.jpg	24.jpg	22.jpg	28.jpg	07.jpg
26	618394	33.jpg	32.jpg	66.jpg	01.jpg	88.jpg	62.jpg	78.jpg	74.jpg
38	618394	64.jpg	16.jpg	87.jpg	83.jpg	72.jpg	81.jpg	25.jpg	73.jpg
50	618394	17.jpg	75.jpg	06.jpg	77.jpg	03.jpg	15.jpg	46.jpg	48.jpg
62	618394	51.jpg	55.jpg	37.jpg	49.jpg	57.jpg	26.jpg	14.jpg	08.jpg
2	618395	17.jpg	75.jpg	06.jpg	77.jpg	03.jpg	15.jpg	46.jpg	48.jpg
14	618395	79.jpg	35.jpg	54.jpg	86.jpg	38.jpg	82.jpg	68.jpg	27.jpg
26	618395	51.jpg	55.jpg	37.jpg	49.jpg	57.jpg	26.jpg	14.jpg	08.jpg
38	618395	64.jpg	16.jpg	87.jpg	83.jpg	72.jpg	81.jpg	25.jpg	73.jpg
50	618395	33.jpg	32.jpg	66.jpg	01.jpg	88.jpg	62.jpg	78.jpg	74.jpg
62	618395	02.jpg	58.jpg	20.jpg	63.jpg	24.jpg	22.jpg	28.jpg	07.jpg
2	618396	79.jpg	35.jpg	54.jpg	86.jpg	38.jpg	82.jpg	68.jpg	27.jpg
14	618396	33.jpg	32.jpg	66.jpg	01.jpg	88.jpg	62.jpg	78.jpg	74.jpg
26	618396	17.jpg	75.jpg	06.jpg	77.jpg	03.jpg	15.jpg	46.jpg	48.jpg
38	618396	02.jpg	58.jpg	20.jpg	63.jpg	24.jpg	22.jpg	28.jpg	07.jpg
50	618396	51.jpg	55.jpg	37.jpg	49.jpg	57.jpg	26.jpg	14.jpg	08.jpg
62	618396	64.jpg	16.jpg	87.jpg	83.jpg	72.jpg	81.jpg	25.jpg	73.jpg
2	618398	51.jpg	55.jpg	37.jpg	49.jpg	57.jpg	26.jpg	14.jpg	08.jpg
14	618398	64.jpg	16.jpg	87.jpg	83.jpg	72.jpg	81.jpg	25.jpg	73.jpg
26	618398	79.jpg	35.jpg	54.jpg	86.jpg	38.jpg	82.jpg	68.jpg	27.jpg
38	618398	33.jpg	32.jpg	66.jpg	01.jpg	88.jpg	62.jpg	78.jpg	74.jpg
50	618398	17.jpg	75.jpg	06.jpg	77.jpg	03.jpg	15.jpg	46.jpg	48.jpg
62	618398	02.jpg	58.jpg	20.jpg	63.jpg	24.jpg	22.jpg	28.jpg	07.jpg
2	618400	17.jpg	75.jpg	06.jpg	77.jpg	03.jpg	15.jpg	46.jpg	48.jpg
14	618400	33.jpg	32.jpg	66.jpg	01.jpg	88.jpg	62.jpg	78.jpg	74.jpg
26	618400	51.jpg	55.jpg	37.jpg	49.jpg	57.jpg	26.jpg	14.jpg	08.jpg
38	618400	64.jpg	16.jpg	87.jpg	83.jpg	72.jpg	81.jpg	25.jpg	73.jpg
50	618400	02.jpg	58.jpg	20.jpg	63.jpg	24.jpg	22.jpg	28.jpg	07.jpg
62	618400	79.jpg	35.jpg	54.jpg	86.jpg	38.jpg	82.jpg	68.jpg	27.jpg
2	618401	17.jpg	75.jpg	06.jpg	77.jpg	03.jpg	15.jpg	46.jpg	48.jpg
14	618401	79.jpg	35.jpg	54.jpg	86.jpg	38.jpg	82.jpg	68.jpg	27.jpg
26	618401	33.jpg	32.jpg	66.jpg	01.jpg	88.jpg	62.jpg	78.jpg	74.jpg
38	618401	02.jpg	58.jpg	20.jpg	63.jpg	24.jpg	22.jpg	28.jpg	07.jpg
50	618401	64.jpg	16.jpg	87.jpg	83.jpg	72.jpg	81.jpg	25.jpg	73.jpg
62	618401	51.jpg	55.jpg	37.jpg	49.jpg	57.jpg	26.jpg	14.jpg	08.jpg
2	618403	02.jpg	58.jpg	20.jpg	63.jpg	24.jpg	22.jpg	28.jpg	07.jpg
14	618403	64.jpg	16.jpg	87.jpg	83.jpg	72.jpg	81.jpg	25.jpg	73.jpg
26	618403	17.jpg	75.jpg	06.jpg	77.jpg	03.jpg	15.jpg	46.jpg	48.jpg
38	618403	51.jpg	55.jpg	37.jpg	49.jpg	57.jpg	26.jpg	14.jpg	08.jpg
50	618403	79.jpg	35.jpg	54.jpg	86.jpg	38.jpg	82.jpg	68.jpg	27.jpg
62	618403	33.jpg	32.jpg	66.jpg	01.jpg	88.jpg	62.jpg	78.jpg	74.jpg
2	618404	17.jpg	75.jpg	06.jpg	77.jpg	03.jpg	15.jpg	46.jpg	48.jpg
14	618404	02.jpg	58.jpg	20.jpg	63.jpg	24.jpg	22.jpg	28.jpg	07.jpg
26	618404	79.jpg	35.jpg	54.jpg	86.jpg	38.jpg	82.jpg	68.jpg	27.jpg
38	618404	33.jpg	32.jpg	66.jpg	01.jpg	88.jpg	62.jpg	78.jpg	74.jpg
50	618404	51.jpg	55.jpg	37.jpg	49.jpg	57.jpg	26.jpg	14.jpg	08.jpg
62	618404	64.jpg	16.jpg	87.jpg	83.jpg	72.jpg	81.jpg	25.jpg	73.jpg
2	618405	51.jpg	55.jpg	37.jpg	49.jpg	57.jpg	26.jpg	14.jpg	08.jpg
14	618405	02.jpg	58.jpg	20.jpg	63.jpg	24.jpg	22.jpg	28.jpg	07.jpg
26	618405	17.jpg	75.jpg	06.jpg	77.jpg	03.jpg	15.jpg	46.jpg	48.jpg
38	618405	64.jpg	16.jpg	87.jpg	83.jpg	72.jpg	81.jpg	25.jpg	73.jpg
50	618405	33.jpg	32.jpg	66.jpg	01.jpg	88.jpg	62.jpg	78.jpg	74.jpg
62	618405	79.jpg	35.jpg	54.jpg	86.jpg	38.jpg	82.jpg	68.jpg	27.jpg
2	618410	17.jpg	75.jpg	06.jpg	77.jpg	03.jpg	15.jpg	46.jpg	48.jpg
14	618410	51.jpg	55.jpg	37.jpg	49.jpg	57.jpg	26.jpg	14.jpg	08.jpg
26	618410	02.jpg	58.jpg	20.jpg	63.jpg	24.jpg	22.jpg	28.jpg	07.jpg
38	618410	79.jpg	35.jpg	54.jpg	86.jpg	38.jpg	82.jpg	68.jpg	27.jpg
50	618410	64.jpg	16.jpg	87.jpg	83.jpg	72.jpg	81.jpg	25.jpg	73.jpg
62	618410	33.jpg	32.jpg	66.jpg	01.jpg	88.jpg	62.jpg	78.jpg	74.jpg
2	618411	51.jpg	55.jpg	37.jpg	49.jpg	57.jpg	26.jpg	14.jpg	08.jpg
14	618411	17.jpg	75.jpg	06.jpg	77.jpg	03.jpg	15.jpg	46.jpg	48.jpg
26	618411	79.jpg	35.jpg	54.jpg	86.jpg	38.jpg	82.jpg	68.jpg	27.jpg
38	618411	02.jpg	58.jpg	20.jpg	63.jpg	24.jpg	22.jpg	28.jpg	07.jpg
50	618411	64.jpg	16.jpg	87.jpg	83.jpg	72.jpg	81.jpg	25.jpg	73.jpg
62	618411	33.jpg	32.jpg	66.jpg	01.jpg	88.jpg	62.jpg	78.jpg	74.jpg
2	618412	17.jpg	75.jpg	06.jpg	77.jpg	03.jpg	15.jpg	46.jpg	48.jpg
14	618412	33.jpg	32.jpg	66.jpg	01.jpg	88.jpg	62.jpg	78.jpg	74.jpg
26	618412	79.jpg	35.jpg	54.jpg	86.jpg	38.jpg	82.jpg	68.jpg	27.jpg
38	618412	02.jpg	58.jpg	20.jpg	63.jpg	24.jpg	22.jpg	28.jpg	07.jpg
50	618412	64.jpg	16.jpg	87.jpg	83.jpg	72.jpg	81.jpg	25.jpg	73.jpg
62	618412	51.jpg	55.jpg	37.jpg	49.jpg	57.jpg	26.jpg	14.jpg	08.jpg
2	618413	79.jpg	35.jpg	54.jpg	86.jpg	38.jpg	82.jpg	68.jpg	27.jpg
14	618413	02.jpg	58.jpg	20.jpg	63.jpg	24.jpg	22.jpg	28.jpg	07.jpg
26	618413	51.jpg	55.jpg	37.jpg	49.jpg	57.jpg	26.jpg	14.jpg	08.jpg
38	618413	33.jpg	32.jpg	66.jpg	01.jpg	88.jpg	62.jpg	78.jpg	74.jpg
50	618413	17.jpg	75.jpg	06.jpg	77.jpg	03.jpg	15.jpg	46.jpg	48.jpg
62	618413	64.jpg	16.jpg	87.jpg	83.jpg	72.jpg	81.jpg	25.jpg	73.jpg
2	618414	02.jpg	58.jpg	20.jpg	63.jpg	24.jpg	22.jpg	28.jpg	07.jpg
14	618414	64.jpg	16.jpg	87.jpg	83.jpg	72.jpg	81.jpg	25.jpg	73.jpg
26	618414	79.jpg	35.jpg	54.jpg	86.jpg	38.jpg	82.jpg	68.jpg	27.jpg
38	618414	51.jpg	55.jpg	37.jpg	49.jpg	57.jpg	26.jpg	14.jpg	08.jpg
50	618414	17.jpg	75.jpg	06.jpg	77.jpg	03.jpg	15.jpg	46.jpg	48.jpg
62	618414	33.jpg	32.jpg	66.jpg	01.jpg	88.jpg	62.jpg	78.jpg	74.jpg
2	618415	17.jpg	75.jpg	06.jpg	77.jpg	03.jpg	15.jpg	46.jpg	48.jpg
14	618415	33.jpg	32.jpg	66.jpg	01.jpg	88.jpg	62.jpg	78.jpg	74.jpg
26	618415	51.jpg	55.jpg	37.jpg	49.jpg	57.jpg	26.jpg	14.jpg	08.jpg
38	618415	64.jpg	16.jpg	87.jpg	83.jpg	72.jpg	81.jpg	25.jpg	73.jpg
50	618415	02.jpg	58.jpg	20.jpg	63.jpg	24.jpg	22.jpg	28.jpg	07.jpg
62	618415	79.jpg	35.jpg	54.jpg	86.jpg	38.jpg	82.jpg	68.jpg	27.jpg
2	618417	17.jpg	75.jpg	06.jpg	77.jpg	03.jpg	15.jpg	46.jpg	48.jpg
14	618417	64.jpg	16.jpg	87.jpg	83.jpg	72.jpg	81.jpg	25.jpg	73.jpg
26	618417	79.jpg	35.jpg	54.jpg	86.jpg	38.jpg	82.jpg	68.jpg	27.jpg
38	618417	02.jpg	58.jpg	20.jpg	63.jpg	24.jpg	22.jpg	28.jpg	07.jpg
50	618417	33.jpg	32.jpg	66.jpg	01.jpg	88.jpg	62.jpg	78.jpg	74.jpg
62	618417	51.jpg	55.jpg	37.jpg	49.jpg	57.jpg	26.jpg	14.jpg	08.jpg
2	618418	02.jpg	58.jpg	20.jpg	63.jpg	24.jpg	22.jpg	28.jpg	07.jpg
14	618418	17.jpg	75.jpg	06.jpg	77.jpg	03.jpg	15.jpg	46.jpg	48.jpg
26	618418	51.jpg	55.jpg	37.jpg	49.jpg	57.jpg	26.jpg	14.jpg	08.jpg
38	618418	79.jpg	35.jpg	54.jpg	86.jpg	38.jpg	82.jpg	68.jpg	27.jpg
50	618418	64.jpg	16.jpg	87.jpg	83.jpg	72.jpg	81.jpg	25.jpg	73.jpg
62	618418	33.jpg	32.jpg	66.jpg	01.jpg	88.jpg	62.jpg	78.jpg	74.jpg
2	618419	51.jpg	55.jpg	37.jpg	49.jpg	57.jpg	26.jpg	14.jpg	08.jpg
14	618419	02.jpg	58.jpg	20.jpg	63.jpg	24.jpg	22.jpg	28.jpg	07.jpg
26	618419	64.jpg	16.jpg	87.jpg	83.jpg	72.jpg	81.jpg	25.jpg	73.jpg
38	618419	17.jpg	75.jpg	06.jpg	77.jpg	03.jpg	15.jpg	46.jpg	48.jpg
50	618419	33.jpg	32.jpg	66.jpg	01.jpg	88.jpg	62.jpg	78.jpg	74.jpg
62	618419	79.jpg	35.jpg	54.jpg	86.jpg	38.jpg	82.jpg	68.jpg	27.jpg
2	618421	33.jpg	32.jpg	66.jpg	01.jpg	88.jpg	62.jpg	78.jpg	74.jpg
14	618421	02.jpg	58.jpg	20.jpg	63.jpg	24.jpg	22.jpg	28.jpg	07.jpg
26	618421	51.jpg	55.jpg	37.jpg	49.jpg	57.jpg	26.jpg	14.jpg	08.jpg
38	618421	17.jpg	75.jpg	06.jpg	77.jpg	03.jpg	15.jpg	46.jpg	48.jpg
50	618421	64.jpg	16.jpg	87.jpg	83.jpg	72.jpg	81.jpg	25.jpg	73.jpg
62	618421	79.jpg	35.jpg	54.jpg	86.jpg	38.jpg	82.jpg	68.jpg	27.jpg
2	618422	79.jpg	35.jpg	54.jpg	86.jpg	38.jpg	82.jpg	68.jpg	27.jpg
14	618422	02.jpg	58.jpg	20.jpg	63.jpg	24.jpg	22.jpg	28.jpg	07.jpg
26	618422	17.jpg	75.jpg	06.jpg	77.jpg	03.jpg	15.jpg	46.jpg	48.jpg
38	618422	64.jpg	16.jpg	87.jpg	83.jpg	72.jpg	81.jpg	25.jpg	73.jpg
50	618422	51.jpg	55.jpg	37.jpg	49.jpg	57.jpg	26.jpg	14.jpg	08.jpg
62	618422	33.jpg	32.jpg	66.jpg	01.jpg	88.jpg	62.jpg	78.jpg	74.jpg
2	618424	02.jpg	58.jpg	20.jpg	63.jpg	24.jpg	22.jpg	28.jpg	07.jpg
14	618424	79.jpg	35.jpg	54.jpg	86.jpg	38.jpg	82.jpg	68.jpg	27.jpg
26	618424	51.jpg	55.jpg	37.jpg	49.jpg	57.jpg	26.jpg	14.jpg	08.jpg
38	618424	33.jpg	32.jpg	66.jpg	01.jpg	88.jpg	62.jpg	78.jpg	74.jpg
50	618424	64.jpg	16.jpg	87.jpg	83.jpg	72.jpg	81.jpg	25.jpg	73.jpg
62	618424	17.jpg	75.jpg	06.jpg	77.jpg	03.jpg	15.jpg	46.jpg	48.jpg
2	618426	02.jpg	58.jpg	20.jpg	63.jpg	24.jpg	22.jpg	28.jpg	07.jpg
14	618426	33.jpg	32.jpg	66.jpg	01.jpg	88.jpg	62.jpg	78.jpg	74.jpg
26	618426	17.jpg	75.jpg	06.jpg	77.jpg	03.jpg	15.jpg	46.jpg	48.jpg
38	618426	79.jpg	35.jpg	54.jpg	86.jpg	38.jpg	82.jpg	68.jpg	27.jpg
50	618426	64.jpg	16.jpg	87.jpg	83.jpg	72.jpg	81.jpg	25.jpg	73.jpg
62	618426	51.jpg	55.jpg	37.jpg	49.jpg	57.jpg	26.jpg	14.jpg	08.jpg
2	618428	17.jpg	75.jpg	06.jpg	77.jpg	03.jpg	15.jpg	46.jpg	48.jpg
14	618428	02.jpg	58.jpg	20.jpg	63.jpg	24.jpg	22.jpg	28.jpg	07.jpg
26	618428	64.jpg	16.jpg	87.jpg	83.jpg	72.jpg	81.jpg	25.jpg	73.jpg
38	618428	51.jpg	55.jpg	37.jpg	49.jpg	57.jpg	26.jpg	14.jpg	08.jpg
50	618428	33.jpg	32.jpg	66.jpg	01.jpg	88.jpg	62.jpg	78.jpg	74.jpg
62	618428	79.jpg	35.jpg	54.jpg	86.jpg	38.jpg	82.jpg	68.jpg	27.jpg
2	618429	02.jpg	58.jpg	20.jpg	63.jpg	24.jpg	22.jpg	28.jpg	07.jpg
14	618429	51.jpg	55.jpg	37.jpg	49.jpg	57.jpg	26.jpg	14.jpg	08.jpg
26	618429	79.jpg	35.jpg	54.jpg	86.jpg	38.jpg	82.jpg	68.jpg	27.jpg
38	618429	17.jpg	75.jpg	06.jpg	77.jpg	03.jpg	15.jpg	46.jpg	48.jpg
50	618429	64.jpg	16.jpg	87.jpg	83.jpg	72.jpg	81.jpg	25.jpg	73.jpg
62	618429	33.jpg	32.jpg	66.jpg	01.jpg	88.jpg	62.jpg	78.jpg	74.jpg
2	618430	17.jpg	75.jpg	06.jpg	77.jpg	03.jpg	15.jpg	46.jpg	48.jpg
14	618430	33.jpg	32.jpg	66.jpg	01.jpg	88.jpg	62.jpg	78.jpg	74.jpg
26	618430	79.jpg	35.jpg	54.jpg	86.jpg	38.jpg	82.jpg	68.jpg	27.jpg
38	618430	51.jpg	55.jpg	37.jpg	49.jpg	57.jpg	26.jpg	14.jpg	08.jpg
50	618430	02.jpg	58.jpg	20.jpg	63.jpg	24.jpg	22.jpg	28.jpg	07.jpg
62	618430	64.jpg	16.jpg	87.jpg	83.jpg	72.jpg	81.jpg	25.jpg	73.jpg
2	618443	51.jpg	55.jpg	37.jpg	49.jpg	57.jpg	26.jpg	14.jpg	08.jpg
14	618443	17.jpg	75.jpg	06.jpg	77.jpg	03.jpg	15.jpg	46.jpg	48.jpg
26	618443	33.jpg	32.jpg	66.jpg	01.jpg	88.jpg	62.jpg	78.jpg	74.jpg
38	618443	79.jpg	35.jpg	54.jpg	86.jpg	38.jpg	82.jpg	68.jpg	27.jpg
50	618443	02.jpg	58.jpg	20.jpg	63.jpg	24.jpg	22.jpg	28.jpg	07.jpg
62	618443	64.jpg	16.jpg	87.jpg	83.jpg	72.jpg	81.jpg	25.jpg	73.jpg
2	618486	02.jpg	58.jpg	20.jpg	63.jpg	24.jpg	22.jpg	28.jpg	07.jpg
14	618486	17.jpg	75.jpg	06.jpg	77.jpg	03.jpg	15.jpg	46.jpg	48.jpg
26	618486	64.jpg	16.jpg	87.jpg	83.jpg	72.jpg	81.jpg	25.jpg	73.jpg
38	618486	51.jpg	55.jpg	37.jpg	49.jpg	57.jpg	26.jpg	14.jpg	08.jpg
50	618486	79.jpg	35.jpg	54.jpg	86.jpg	38.jpg	82.jpg	68.jpg	27.jpg
62	618486	33.jpg	32.jpg	66.jpg	01.jpg	88.jpg	62.jpg	78.jpg	74.jpg
2	618740	02.jpg	58.jpg	20.jpg	63.jpg	24.jpg	22.jpg	28.jpg	07.jpg
14	618740	17.jpg	75.jpg	06.jpg	77.jpg	03.jpg	15.jpg	46.jpg	48.jpg
26	618740	79.jpg	35.jpg	54.jpg	86.jpg	38.jpg	82.jpg	68.jpg	27.jpg
38	618740	33.jpg	32.jpg	66.jpg	01.jpg	88.jpg	62.jpg	78.jpg	74.jpg
50	618740	51.jpg	55.jpg	37.jpg	49.jpg	57.jpg	26.jpg	14.jpg	08.jpg
62	618740	64.jpg	16.jpg	87.jpg	83.jpg	72.jpg	81.jpg	25.jpg	73.jpg
2	620077	64.jpg	16.jpg	87.jpg	83.jpg	72.jpg	81.jpg	25.jpg	73.jpg
14	620077	33.jpg	32.jpg	66.jpg	01.jpg	88.jpg	62.jpg	78.jpg	74.jpg
26	620077	17.jpg	75.jpg	06.jpg	77.jpg	03.jpg	15.jpg	46.jpg	48.jpg
38	620077	51.jpg	55.jpg	37.jpg	49.jpg	57.jpg	26.jpg	14.jpg	08.jpg
50	620077	02.jpg	58.jpg	20.jpg	63.jpg	24.jpg	22.jpg	28.jpg	07.jpg
62	620077	79.jpg	35.jpg	54.jpg	86.jpg	38.jpg	82.jpg	68.jpg	27.jpg
